set,cardnumber,name,title,unique,card type,aspects,cost,traits,ability text,leader unit ability text,arena,power,hp,rarity,artist,previewdate,preview source,preview link,cardid,invisiblepower,invisiblehp,invisibledamage,invisibledraw,keyword_1,keyword_2,keyword_3
SOR,21,Dagobah Swamp,,FALSE,Base,Vigilance,,Dagobah,,,,,30,1,Tyler Edlin,6/27/2023,FFG Stream,https://www.youtube.com/watch?v=SunSj70YP8o,,,,,,,,
SOR,23,Command Center,,FALSE,Base,Command,,Death Star,,,,,30,1,Stephen Zavala,6/27/2023,FFG Stream,https://www.youtube.com/watch?v=SunSj70YP8o,,,,,,,,
SOR,26,Catacombs of Cadera,,FALSE,Base,Aggression,,Jedha,,,,,30,1,Tyler Edlin,6/27/2023,FFG Stream,https://www.youtube.com/watch?v=SunSj70YP8o,,,,,,,,
SOR,29,Administrator's Tower,,FALSE,Base,Cunning,,Cloud City,,,,,30,1,Tyler Edlin,6/27/2023,FFG Stream,https://www.youtube.com/watch?v=SunSj70YP8o,,,,,,,,
SOR,1,Director Krennic,Aspiring to Authority,TRUE,Leader,"Vigilance,Villainy",5,"Imperial,Official","Each friendly damaged unit gets +1/+0.

Epic Action: If you control 5 or more resources, deploy this leader.","Restore 2 (When this unit attacks, heal 2 damage from your base.)

Each friendly damaged unit gets +1/+0.",0,2,7,1,Ario Murti,7/7/2023,FFG,https://twitter.com/UnlimitedFFG/status/1677331851038322690,,,,,,,,
SOR,5,Luke Skywalker,Faithful Friend,TRUE,Leader,"Vigilance,Heroism",6,"Force,Rebel","Action [{R1}, {T}]: Give a Shield token to a {Heroism} unit you played this phase.

Epic Action: If you control 6 or more resources, deploy this leader.",On Attack: You may give another unit a Shield token.,0,4,7,0,Borja Pindado,5/16/2023,FFG,https://starwarsunlimited.com/articles/star-wars-unlimited-first-look,,,,,,,,
SOR,9,Leia Organa,Alliance General,TRUE,Leader,"Command,Heroism",5,"Rebel,Official","Action [{T}]: Attack with a REBEL unit. Then, you may attack with another REBEL unit.

Epic Action: If you control 5 or more resources, deploy this leader.","Raid 1

When this unit completes an attack: You may attack with another REBEL unit.",0,3,6,1,Sandra Chlewi?ska,6/9/2023,FFG,https://twitter.com/UnlimitedFFG/status/1667184970727583744,,,,,,,,
SOR,10,Darth Vader,Dark Lord of the Sith,TRUE,Leader,"Aggression,Villainy",7,"Force,Imperial,Sith","Action [1{R}, {T}]: If you played a {Villainy} card this phase, deal 1 damage to a unit and 1 damage to a base.

Epic Action: If you control 7 or more resources, deploy this leader. (Flip him, ready him, and move him to the ground arena.)",On Attack: You may deal 2 damage to a unit.,0,5,8,0,Borja Pindado,5/16/2023,FFG,https://starwarsunlimited.com/articles/star-wars-unlimited-first-look,,,,,,,,
SOR,44,Restored ARC-170,,FALSE,Unit,"Vigilance,Heroism",2,"Rebel,Vehicle,Fighter",Restore 1,,1,2,3,1,Arthur Mougne,7/3/2023,I Rebel,https://www.youtube.com/watch?v=Q_n9IbiXe6c,13,0,0,0,0,Restore 1,,
SOR,45,Yoda,Old Master,TRUE,Unit,"Vigilance,Heroism",3,"Force,Jedi","Restore 2

When Defeated: Choose any number of players. They each draw a card.",,0,2,4,2,Alexandria Huntington,6/27/2023,FFG Stream,https://www.youtube.com/watch?v=SunSj70YP8o,19,0,0,0,1,Restore 2,,
SOR,46,Consular Security Force,,FALSE,Unit,"Vigilance,Heroism",4,"Rebel,Trooper",,,0,3,7,1,Rebecca Farrow,6/27/2023,Quickstart Rules,https://www.youtube.com/watch?v=SunSj70YP8o,,,,,,,,
SOR,63,Cloud City Wing Guard,,FALSE,Unit,Vigilance,3,"Fringe,Trooper",Sentinel,,0,2,4,1,Tomas Oleksak,6/23/2023,Wossy Plays,https://www.youtube.com/watch?v=ZDKza3yNX9w,21,0,0,0,0,Sentinel,,
SOR,74,Repair,,FALSE,Event,Vigilance,1,Supply,Heal 3 damage from a unit or base.,,,,,1,Joshua Carson,7/2/2023,Maindeck,https://www.youtube.com/watch?v=tIVvKt--lPc,,,,,,,,
SOR,78,Vanquish,,FALSE,Event,Vigilance,5,Tactic,Defeat a non-leader unit.,,,,,1,Eslam Aboshady,6/27/2023,FFG Stream,https://www.youtube.com/watch?v=SunSj70YP8o,,,,,,,,
SOR,82,Emperor's Royal Guard,,FALSE,Unit,"Command,Villainy",3,Imperial,"While you control an OFFICIAL unit, this unit gains Sentinel.

While you control Emperor Palpatine (as a leader or unit), this unit gets +0/+1.",,0,3,4,3,French Carlomagno,7/12/2023,FFG Stream,https://www.youtube.com/watch?v=6cWmjXCAFKg,24,0,1,0,0,Sentinel (Conditional),,
SOR,84,Grand Moff Tarkin,Death Star Overseer,TRUE,Unit,"Command,Villainy",4,"Imperial,Official","When Played: Search the top 5 cards of your deck for up to 2 IMPERIAL cards, reveal them, and draw them.",,0,2,3,0,Steve Morris,5/16/2023,FFG,https://starwarsunlimited.com/articles/star-wars-unlimited-first-look,25,0,0,0,2,,,
SOR,128,Death Star Stormtrooper,,FALSE,Unit,"Aggression,Villainy",1,"Imperial,Trooper",,,0,3,1,1,Ario Murti,6/27/2023,Quickstart Rules,https://www.youtube.com/watch?v=SunSj70YP8o,,,,,,,,
SOR,132,Imperial Interceptor,,FALSE,Unit,"Aggression,Villainy",4,"Imperial,Vehicle,Fighter",When Played: You may deal 3 damage to a space unit.,,1,3,2,1,Francois Cannels,6/27/2023,SAGA: Space Arena Ground Arena,https://www.youtube.com/watch?v=OLrH6RkqNp4,27,0,0,3,0,,,
SOR,136,Vader's Lightsaber,,TRUE,Upgrade,"Aggression,Villainy",2,"Item,Weapon,Lightsaber","Attach to a non-VEHICLE unit.

When Played: If attached unit is Darth Vader, you may deal 4 damage to a ground unit.",,,3,1,0,Arthur Mougne,6/27/2023,Quickstart Rules,https://www.youtube.com/watch?v=SunSj70YP8o,,,,,,,,
SOR,172,Open Fire,,FALSE,Event,Aggression,3,Tactic,Deal 4 damage to a unit.,,,,,1,Fernando Correa,7/11/2023,Golden Dice,https://www.youtube.com/watch?v=IcqTW-7nAh8,,,,,,,,
SOR,189,Leia Organa,Defiant Princess,TRUE,Unit,"Cunning,Heroism",2,"Rebel,Official",When Played: Either ready a resource or exhaust a unit.,,0,2,2,0,Robynn Frauhn,5/16/2023,FFG,https://www.youtube.com/watch?v=0mscZBVRiX0,,,,,,,,
SOR,195,Auzituck Liberator Gunship,,FALSE,Unit,"Cunning,Heroism",4,"Vehicle,Fighter",Ambush,,1,3,4,1,Mark Zhang,7/13/2023,Jodo Cast,https://www.youtube.com/watch?v=TO7ae1EX5hg,31,0,0,0,0,Ambush,,
SOR,220,Surprise Strike,,FALSE,Event,Cunning,2,Tactic,Attack with a unit. It gets +3/+0 for this attack.,,,,,1,Ario Murti,7/5/2023,Unplayable,https://www.youtube.com/watch?v=LiF62cBi_pk,,,,,,,,
SOR,225,TIE/ln Fighter,,FALSE,Unit,Villainy,1,"Imperial,Vehicle,Fighter",,,1,2,1,1,French Carlomagno,6/27/2023,FFG Stream,https://www.youtube.com/watch?v=SunSj70YP8o,,,,,,,,
SOR,228,Viper Probe Droid,,FALSE,Unit,Villainy,2,"Imperial,Droid",When Played: Look at an opponent's hand.,,0,3,2,1,Amad Mir,6/22/2023,Wossy Plays,https://www.youtube.com/watch?v=ZDKza3yNX9w,,,,,,,,
SOR,229,Cell Block Guard,,FALSE,Unit,Villainy,3,"Imperial,Trooper",Sentinel,,0,3,3,1,French Carlomagno,6/27/2023,Quickstart Rules,https://www.youtube.com/watch?v=SunSj70YP8o,35,0,0,0,0,Sentinel,,
SOR,233,I Am Your Father,,FALSE,Event,Villainy,3,Gambit,"Deal 7 damage to an enemy unit unless its controller says ""no."" If they do, draw 3 cards.",,,,,0,Stefano Landini,6/18/2023,FFG,https://twitter.com/UnlimitedFFG/status/1670446401581350920,,,,,,,,
SOR,234,Maximum Firepower,,FALSE,Event,Villainy,4,"Imperial,Tactic","A friendly IMPERIAL unit deals damage equal to its power to a unit.

Then, another friendly IMPERIAL unit deals damage equal to its power to the same unit.",,,,,1,Stephen Zavala,5/16/2023,FFG,https://www.youtube.com/watch?v=0mscZBVRiX0,,,,,,,,
SOR,237,Alliance X-Wing,,FALSE,Unit,Heroism,2,"Rebel,Vehicle,Fighter",,,1,2,3,1,Francois Cannels,6/27/2023,Quickstart Rules,https://www.youtube.com/watch?v=SunSj70YP8o,,,,,,,,
SOR,241,Wing Leader,,FALSE,Unit,Heroism,3,"Rebel,Vehicle,Fighter",When Played: Give 2 Experience tokens to another friendly REBEL unit.,,1,2,1,2,French Carlomagno,5/16/2023,FFG,https://starwarsunlimited.com/articles/star-wars-unlimited-first-look,39,2,2,0,0,,,
SOR,246,You're My Only Hope,,FALSE,Event,Heroism,3,Gambit,"Look at the top card of your deck. You may play it. It costs {R:5} less. If your base has 5 or less remaining hp, you may play it for free instead.",,,,,3,Gretel Lusky,5/16/2023,FFG,https://starwarsunlimited.com/articles/star-wars-unlimited-first-look,,,,,,,,
SOR,239,Rebel Pathfinder,,FALSE,Unit,Heroism,2,"Rebel,Trooper",Saboteur,,0,2,3,1,Joshua Carson,7/19/2023,Wreck N' Rule,https://wrecknrule.com/2023/07/19/star-wars-unlimited-card-reveal-rebel-pathfinder/,43,0,0,0,0,Saboteur,,
SOR,83,Superlaser Technician,,FALSE,Unit,"Command,Villainy",3,Imperial,When Defeated: You may put this unit into play as a resource and ready it.,,0,2,1,1,Denis Medri,7/22/2023,Wampa Radio,https://www.youtube.com/watch?v=v2anF9BpUsA,,,,,,,,
SOR,227,Snowtrooper Lieutenant,,FALSE,Unit,Villainy,2,"Imperial,Trooper","When Played: You may attack with a unit. If it's an Imperial unit, it gets +2/+0 for this attack.",,0,2,2,1,Erik Ly,7/25/2023,Roll On Gaming,https://www.youtube.com/watch?v=SW65sZFFjC8,,,,,,,,
SOR,240,Fleet Lieutenant,,FALSE,Unit,Heroism,3,"Rebel,Trooper","When Played: You may attack with a unit. If it's a Rebel unit, it gets +2/+0 for this attack.",,0,3,3,1,Hoan Nguyen,7/26/2023,FFG,https://starwarsunlimited.com/articles/heroism-and-villainy,,,,,,,,
SOR,235,Galactic Ambition,,FALSE,Event,Villainy,7,Innate,Play a non-{Heroism} unit from your hand for free. Deal damage to your base equal to its cost.,,,,,3,Andre Mealha,7/26/2023,FFG,https://starwarsunlimited.com/articles/heroism-and-villainy,,,,,,,,
SOR,226,Admiral Motti,Brazen and Scornful,TRUE,Unit,Villainy,2,"Imperial,Official",When Defeated: You may ready a {Villainy} unit.,,0,1,1,0,Tomas Oleksak,7/26/2023,FFG Stream,https://www.youtube.com/watch?v=Msezhwc2WE4,,,,,,,,
SOR,236,R2-D2,Ignoring Protocol,TRUE,Unit,Heroism,1,"Rebel,Droid",When Played/On Attack: Look at the top card of your deck. You may put it on the bottom of your deck.,,0,1,4,0,Aitor Prieto,7/26/2023,FFG Stream,https://www.youtube.com/watch?v=Msezhwc2WE4,,,,,,,,
SOR,238,C-3PO,Protocol Droid,TRUE,Unit,Heroism,2,"Rebel,Droid","When Played/On Attack: Choose a number, then look at the top card of your deck. If its cost is the chosen number, you may reveal and draw it.",,0,1,4,0,Ash Pierce,7/26/2023,FFG Stream,https://www.youtube.com/watch?v=Msezhwc2WE4,,,,,,,,
SOR,139,Force Choke,,FALSE,Event,"Aggression,Villainy",2,Force,"If you control a Force unit, this event costs {R:1} less to play.

Deal 5 damage to a non-Vehicle unit. That unit's controller draws a card.",,,,,2,Stefano Landini,7/26/2023,FFG Stream,https://www.youtube.com/watch?v=Msezhwc2WE4,,,,,,,,
SOR,130,First Legion Snowtrooper,,FALSE,Unit,"Aggression,Villainy",2,"Imperial,Trooper","While attacking a damaged unit, this unit gets +2/+0 and gains Overwhelm.",,0,2,3,1,Milos Slaykovic,7/26/2023,FFG,https://starwarsunlimited.com/articles/a-taste-of-unlimited-possibilities,,,,,,,,
SOR,222,Waylay,,FALSE,Event,Cunning,3,Trick,Return a non-leader unit to its owner's hand.,,,,,1,Amélie Hutt,7/26/2023,FFG,https://starwarsunlimited.com/articles/a-taste-of-unlimited-possibilities,,,,,,,,
SOR,48,Vigilant Honor Guards,,FALSE,Unit,"Vigilance,Heroism",5,Rebel,"While this unit is undamaged, it gains Sentinel.",,0,4,6,1,Amad Mir,7/28/2023,Strictly Casual,https://www.youtube.com/shorts/vnenhAMgyM4,54,0,0,0,0,Sentinel (Conditional),,
SOR,244,Snowspeeder,,FALSE,Unit,Heroism,5,"Rebel,Vehicle,Speeder","Ambush

On Attack: Exhaust an enemy Vehicle ground unit.",,0,3,6,1,Fernando Correa,8/2/2023,FFG Stream,https://www.youtube.com/watch?v=bUFS3Zd61MA,55,0,0,0,0,Ambush,,
SOR,232,AT-ST,,FALSE,Unit,Villainy,6,"Imperial,Vehicle,Walker",Overwhelm,,0,6,7,1,Stephen Zavala,8/2/2023,FFG Stream,https://www.youtube.com/watch?v=bUFS3Zd61MA,56,0,0,0,0,Overwhelm,,
SOR,196,Chewbacca,Loyal Companion,TRUE,Unit,"Cunning,Heroism",5,"Underworld,Wookiee","Sentinel

When this unit is attacked: Ready him.",,0,3,6,2,Luke Harrington,8/2/2023,FFG Stream,https://www.youtube.com/watch?v=bUFS3Zd61MA,57,0,0,0,0,Sentinel,,
SOR,59,2-1B Surgical Droid,,FALSE,Unit,Vigilance,1,Droid,On Attack: You may heal 2 damage from another unit.,,0,1,3,1,Hoan Nguyen,8/3/2023,FFG Stream,https://www.youtube.com/watch?v=HgjQ-bMGkj4,,,,,,,,
SOR,3,Chewbacca,Walking Carpet,TRUE,Leader,"Vigilance,Heroism",7,"Underworld,Wookiee","Action {T}: Play a unit that costs 3 or less from your hand. It gains Sentinel for this phase.

Epic Action: If you control 7 or more resources, deploy this leader.","Sentinel

Grit",0,2,9,1,Eslam Aboshady,8/3/2023,FFG Stream,https://www.youtube.com/watch?v=HgjQ-bMGkj4,59,0,0,0,0,,,
SOR,231,TIE Advanced,,FALSE,Unit,Villainy,4,"Imperial,Fighter,Vehicle",When Played: Give 2 Experience tokens to another friendly Imperial unit.,,1,3,2,2,Eslam Aboshady,8/3/2023,FFG Stream,https://www.youtube.com/watch?v=HgjQ-bMGkj4,60,2,2,0,0,,,
SOR,66,System Patrol Craft,,FALSE,Unit,Vigilance,4,"Vehicle,Fighter",Sentinel,,1,3,4,1,Christian Papazoglakis,8/3/2023,FFG Stream,https://www.youtube.com/watch?v=HgjQ-bMGkj4,61,0,0,0,0,Sentinel,,
SOR,198,Han Solo,Reluctant Hero,TRUE,Unit,"Cunning,Heroism",7,Underworld,"Ambush

While attacking, this unit deals combat damage before teh defender.",,0,6,6,3,Borja Pindado,8/4/2023,GamesRadar,https://www.gamesradar.com/exclusive-look-at-han-solos-card-in-star-wars-unlimited/,62,0,0,0,0,Ambush,,
SOR,135,Emperor Palpatine,Master of the Dark Side,TRUE,Unit,"Aggression,Villainy",8,"Force,Imperial,Sith,Official","Overwhelm

When Played: Deal 6 damage divided as you choose among enemy units.",,0,6,6,3,Didier Nguyen,8/7/2023,FFG,https://twitter.com/UnlimitedFFG/status/1688565795205304320/,63,0,0,6,0,Overwhelm,,
SOR,89,Relentless,Konstantine's Folly,TRUE,Unit,"Command,Villainy",9,"Imperial,Vehicle,Capital Ship",The first event played by each opponent each round loses all abilities.,,1,8,8,3,Ross Taylor,8/9/2023,Polygon,https://www.polygon.com/23826374/star-wars-unlimited-rules-preview-tcg-release-date-price,,,,,,,,
SOR,60,Distant Patroller,,FALSE,Unit,Vigilance,2,"Fringe,Vehicle,Fighter",When Defeated: You may give a Shield token to a {Vigilance} unit.,,1,2,1,2,Francois Cannels,8/9/2023,Polygon,https://www.polygon.com/23826374/star-wars-unlimited-rules-preview-tcg-release-date-price,65,0,0,0,0,Shielded (Conditional),,
SOR,49,Obi-Wan Kenobi,Following Fate,TRUE,Unit,"Vigilance,Heroism",6,"Force,Jedi","Sentinel

When Defeated: Give 2 Experience tokens to another friendly unit. If it's a Force unit, draw a card.",,0,4,6,3,Amélie Hutt,8/9/2023,FFG Stream,https://www.youtube.com/watch?v=Ks1eLGb5UFg,66,2,2,0,0,Sentinel,,
SOR,35,Lieutenant Childsen,Death Star Prison Warden,TRUE,Unit,"Vigilance,Villainy",4,"Imperial,Official","Sentinel

When Played: Reveal up to 4 {Vigilance} cards from your hand. For each card revealed this way, give an Experience token to this unit.",,0,2,2,2,Yvette Chua,8/9/2023,FFG Stream,https://www.youtube.com/watch?v=Ks1eLGb5UFg,67,2,2,0,0,Sentinel,,
SOR,58,Vigilance,,FALSE,Event,"Vigilance,Vigilance",4,Innate,"Choose two, in any order:
- Discard 6 cards from an opponent's deck.
- Heal 5 damage from a base.
- Defeat a unit with 3 or less remaining HP.
- Give a Shield token to a unit.",,,,,4,Christina Laviña,8/9/2023,FFG Stream,https://www.youtube.com/watch?v=Ks1eLGb5UFg,,,,,,,,
SOR,19,Security Complex,,FALSE,Base,Vigilance,,Scarif,Epic Action: Give a Shield token to a non-leader unit.,,,,25,3,Tyler Edlin,8/15/2023,FFG,https://www.instagram.com/p/Cv-DDcqtgAz/,,,,,,,,
SOR,163,Star Wing Scout,,FALSE,Unit,Aggression,3,"Vehicle,Fighter","When Defeated: If you have the initiative, draw 2 cards.",,1,4,1,2,Fernando Correa,8/17/2023,Echo Base Gaming,https://twitter.com/EchoBase_Gaming/status/1692238934162743345,,,,,,,,
SOR,15,Boba Fett,Collecting the Bounty,TRUE,Leader,"Cunning,Villainy",5,"Underworld,Bounty Hunter","When an enemy unit leaves play: You may exhaust this leader. If you do, ready a resource.

Epic Action: If you control 5 or more resources, deploy this leader.","When this unit completes an attack: If an enemy unit left play this phase, ready up to 2 resources.",0,4,7,1,French Carlomagno,8/18/2023,FFG,https://www.instagram.com/p/CwFxcoOtMnm/,,,,,,,,
SOR,72,Entrenched,,FALSE,Upgrade,Vigilance,2,Condition,Attached unit can't attack bases.,,,3,3,2,Borja Pindado,8/21/2023,FFG,https://www.instagram.com/p/CwNfzmfsn6K/,,,,,,,,
SOR,88,Blizzard Assault AT-AT,,FALSE,Unit,"Command,Villainy",8,"Imperial,Vehicle,Walker",When this unit attacks and defeats a unit: You may deal the excess damage from this attack to an enemy ground unit.,,0,9,9,2,Arthur Mougne,8/22/2023,Rolling Dice and Taking Names,https://twitter.com/DiceAndNames/status/1694032378761560112,,,,,,,,
SOR,126,Resupply,,FALSE,Event,Command,3,Supply,Put this event into play as a resource.,,,,,1,Robynn Frauhn,8/22/2023,Rolling Dice and Taking Names,https://twitter.com/DiceAndNames/status/1694032378761560112,,,,,,,,
SOR,194,Rogue Operative,,FALSE,Unit,"Cunning,Heroism",3,"Rebel,Trooper","Saboteur

Raid 2",,0,2,4,1,Steve Morris,8/23/2023,FFG Stream,https://www.youtube.com/watch?v=MQWzu7tz7lg,75,0,0,0,0,Saboteur,Raid 2,
SOR,92,Overwhelming Barrage,,FALSE,Event,"Command,Villainy",5,Tactic,"Give a friendly unit +2/+2 for this phase. Then, it deals damage equal to its power divided as you choose among any number of other units.",,,,,2,Francois Cannels,8/23/2023,FFG Stream,https://www.youtube.com/watch?v=MQWzu7tz7lg,,,,,,,,
SOR,53,Luke's Lightsaber,,TRUE,Upgrade,"Vigilance,Heroism",2,"Item,Weapon,Lightsaber","Attach to a non-Vehicle unit.

When Played: If attached unit is Luke Skywalker, heal all damage from him and give a Shield token to him.",,,3,1,0,French Carlomagno,8/23/2023,FFG Stream,https://www.youtube.com/watch?v=MQWzu7tz7lg,,,,,,,,
SOR,86,Gladiator Star Destroyer,,FALSE,Unit,"Command,Villainy",6,"Imperial,Vehicle,Capital Ship",When Played: Give a unit Sentinel for this phase.,,1,5,6,1,Arthur Mougne,8/23/2023,FFG Stream,https://www.youtube.com/watch?v=MQWzu7tz7lg,78,0,0,0,0,Sentinel (Conditional),,
SOR,129,Admiral Ozzel,Overconfident,TRUE,Unit,"Aggression,Villainy",2,"Imperial,Official",Action {T}: Play an Imperial unit from your hand. It enters play ready. Each opponent may ready a unit.,,0,2,3,2,Yvette Chua,8/23/2023,FFG Stream,https://www.youtube.com/watch?v=MQWzu7tz7lg,,,,,,,,
SOR,218,Asteroid Sanctuary,,FALSE,Event,Cunning,2,Trick,"Exhaust an enemy unit.

Give a Shield token to a friendly unit that costs 3 or less.",,,,,1,Rebecca Farrow,8/23/2023,FFG Stream,https://www.youtube.com/watch?v=MQWzu7tz7lg,,,,,,,,
SOR,242,General Dodonna,Massassi Group Commander,TRUE,Unit,Heroism,4,"Rebel,Official",Other friendly Rebel units get +1/+1.,,0,4,4,2,Steve Morris,8/23/2023,FFG Stream,https://www.youtube.com/watch?v=MQWzu7tz7lg,81,1,1,0,0,,,
SOR,230,General Veers,Blizzard Force Commander,TRUE,Unit,Villainy,3,"Imperial,Official",Other friendly Imperial units get +1/+1.,,0,3,3,2,Steve Morris,8/23/2023,FFG Stream,https://www.youtube.com/watch?v=MQWzu7tz7lg,82,1,1,0,0,,,
SOR,217,Shoot First,,FALSE,Event,Cunning,1,Trick,Attack with a unit. It gets +1/+0 for this attack and deals its combat damage before the defender.,,,,,2,Ario Murti,8/23/2023,FFG Stream,https://www.youtube.com/watch?v=MQWzu7tz7lg,,,,,,,,
SOR,75,It Binds All Things,,FALSE,Event,Vigilance,2,Force,"Heal up to 3 damage from a unit. If you control a Force unit, you may deal that much damage to another unit.",,,,,3,Amélie Hutt,8/28/2023,FFG,https://www.instagram.com/reel/CwfhXlssI8J/,,,,,,,,
SOR,179,Boba Fett,Disintegrator,TRUE,Unit,"Cunning,Villainy",3,"Underworld,Bounty Hunter","On Attack: If this unit is attacking an exhausted unit that didn't enter play this round, deal 3 damage to the defender.",,0,3,5,4,French Carlomagno,8/30/2023,Hobbies + Happiness,https://www.youtube.com/watch?v=d9hcXjHQxbQ,,,,,,,,
SOR,184,Fett's Firespray,Pursuing the Bounty,TRUE,Unit,"Cunning,Villainy",6,"Underworld,Vehicle,Transport","When Played: If you control Boba Fett or Jango Fett, ready this unit.

Action [{R:2}]: Exhaust a non-unique unit.",,1,5,6,3,Andre Mealha,8/31/2023,Hobbies + Happiness,https://www.youtube.com/watch?v=TozOTpmoOoU,,,,,,,,
SOR,7,Grand Moff Tarkin,Oversector Governor,TRUE,Leader,"Command,Villainy",5,"Imperial,Official","Action [{R1}, {T}]: Give an Experience token to an Imperial unit.

Epic Action: If you control 5 or more resources, deploy this leader.",On Attack: You may give an Experience token to another Imperial unit.,0,2,7,1,Tomas Oleksak,9/1/2023,FFG,https://www.instagram.com/reel/Cwp0j43szL2/,,,,,,,,
SOR,67,Rugged Survivors,,FALSE,Unit,Vigilance,5,Fringe,"Grit

On Attack: If you control a leader unit, you may draw a card.",,0,3,5,1,Elena Skitalets,9/4/2023,FFG,https://www.instagram.com/reel/Cwxi8kopeyO,88,0,0,0,0,Grit,,
SOR,102,Home One,Alliance Flagship,TRUE,Unit,"Command,Heroism",8,"Rebel,Vehicle,Capital Ship","Restore 2

Each other friendly unit gains Restore 1.

When Played: Play a {Heroism} unit from your discard pile. It costs {R3} less.",,1,7,7,4,Amélie Hutt,9/6/2023,FFG Stream,https://www.youtube.com/watch?v=DkykRONC6GE,89,0,0,0,0,Restore 2,Restore 2 (Conditional),
SOR,97,Admiral Ackbar,Brilliant Strategist,TRUE,Unit,"Command,Heroism",3,"Rebel,Official","Restore 1

When Played: You may deal damage to a unit equal to the number of units your control in its arena.",,0,1,4,3,Luke Harrington,9/6/2023,FFG Stream,https://www.youtube.com/watch?v=DkykRONC6GE,90,0,0,2,0,Restore 1,,
SOR,125,Prepare for Takeoff,,FALSE,Event,Command,2,Plan,"Search the top 8 cards of your deck for up to 2 Vehicle units, reveal them, and draw them.",,,,,2,Ario Murti,9/6/2023,FFG Stream,https://www.youtube.com/watch?v=DkykRONC6GE,,,,,,,,
SOR,107,Command,,FALSE,Event,"Command,Command",4,Innate,"Choose 2, in any order:
- Give 2 Experience tokens to a unit.
- A friendly unit deals damage equal to its power to a non-unique enemy unit.
- Put this event into play as a resource.
- Return a unit from your discard pile to your hand.",,,,,4,Maxine Vee,9/6/2023,FFG Stream,https://www.youtube.com/watch?v=DkykRONC6GE,,,,,,,,
SOR,69,Resilient,,FALSE,Upgrade,Vigilance,1,Innate,,,,0,3,1,Joshua Carson,9/8/2023,Cross World TCG,https://www.youtube.com/watch?v=3UzLC-tKExk,,,,,,,,
SOR,123,Recruit,,FALSE,Event,Command,1,Supply,"Search the top 5 cards of your deck for a unit, reveal it, and draw it.",,,,,1,Borja Pindado,9/8/2023,Cross World TCG,https://www.youtube.com/watch?v=3UzLC-tKExk,,,,,,,,
SOR,79,Admiral Piett,Captain of the Executor,TRUE,Unit,"Command,Villainy",2,"Imperial,Official",Each friendly non-leader unit that costs 6 or more gains Ambush.,,0,1,4,2,Denis Medri,9/8/2023,Cross World TCG,https://www.youtube.com/watch?v=3UzLC-tKExk,95,0,0,0,0,Ambush (Conditional),,
SOR,109,Colonel Yularen,ISB Director,TRUE,Unit,Command,2,"Imperial,Official",When you play a {Command} unit: Heal 1 damage from your base.,,0,2,3,2,David Buisan,9/11/2023,What A Piece Of Junk!,https://www.youtube.com/watch?v=9jOKd4qzld4,,,,,,,,
SOR,22,Energy Conversion Lab,,FALSE,Base,Command,,Eadu,Epic Action: Play a unit that costs 6 or less from your hand. Give it Ambush for this phase.,,,,25,3,Adrien Girod,9/12/2023,FFG,https://www.instagram.com/reel/CxGJTR7Nhy1/,,,,,,,,
SOR,33,Death Trooper,,FALSE,Unit,"Vigilance,Villainy",3,"Imperial,Trooper",When Played: Deal 2 damage to a friendly ground unit and 2 damage to an enemy ground unit.,,0,3,3,1,Borja Pindado,9/13/2023,Garbage Rollers,https://garbagerollers.com/2023/09/13/are-we-blind-deploy-the-spoilers/,98,0,0,2,0,,,
SOR,115,Agent Kallus,Seeking the Rebels,TRUE,Unit,Command,5,"Imperial,Trooper","Ambush

When another unique unit is defeated: You may draw a card. Use this ability only once each round.",,0,4,4,3,Omercan Cirit,9/14/2023,Holocron Gaming,https://www.youtube.com/watch?v=xHGQvcV88QY,99,0,0,0,1,Ambush,,
SOR,14,Sabine Wren,Galvanized Revolutionary,TRUE,Leader,"Aggression,Heroism",4,"Mandalorian,Rebel,Spectre",Action [{T}]: Deal 1 damage to each base.,On Attack: Deal 1 damage to each enemy base.,0,2,5,1,Eslam Aboshady,9/15/2023,FFG,https://www.instagram.com/p/CxN3s5_sJzH/,,,,,,,,
SOR,121,Hardpoint Heavy Blaster,,FALSE,Upgrade,Command,2,"Modification,Weapon","Attach to a vehicle unit.

Attached unit gains: “On Attack: If this unit isn't attacking a base, you may deal 2 damage to a unit in the defender's arena.”",,,2,2,2,Arthur Mougne,9/18/2023,FFG,https://www.instagram.com/p/CxVmD9Hsta1/,,,,,,,,
SOR,47,Kanan Jarrus,Revealed Jedi,TRUE,Unit,"Vigilance,Heroism",4,"Force,Jedi,Rebel,Spectre",On Attack: You may discard 1 card from the defending player's deck for each friendly Spectre unit. Heal 1 damage from your base for each different aspect among the discarded cards.,,0,4,5,2,Sandra Chlewi?ska,9/20/2023,FFG,https://www.youtube.com/watch?v=dCu_3gDUx2o,103,0,0,0,0,Restore 1,,
SOR,142,Sabine Wren,Explosives Artist,TRUE,Unit,"Aggression,Heroism",2,"Mandalorian,Rebel,Spectre","While there are at least 3 aspects among other friendly units, this unit can't be attacked.

On Attack: You may deal 1 damage to the defender or to a base.",,0,2,3,2,Rebecca Farrow,9/21/2023,TCGPlayer,https://infinite.tcgplayer.com/article/Our-Star-Wars-Unlimited-Exclusive-Preview-Card-A-Rebellious-Artist/1e391d27-4595-4050-a627-7a462aaf984b,104,0,0,0,0,Raid 1,,
SOR,192,Ezra Bridger,Resourceful Troublemaker,TRUE,Unit,"Cunning,Heroism",3,"Force,Rebel,Spectre","When this unit completes an attack: Look at the top card of your deck. You may play it, discard it, or leave it on top of your deck.",,0,3,4,2,Joshua Carson,9/22/2023,RybackStun,https://www.youtube.com/watch?v=6i8N-yn6eeM,105,0,0,0,1,,,
SOR,112,Consortium StarViper,,FALSE,Unit,Command,3,"Fringe,Vehicle,Fighter","While you have the initiative, this unit gains Restore 2.",,1,3,3,1,Christian Papazoglakis,9/25/2023,FFG,https://www.instagram.com/p/CxnnohUtk2w/,106,0,0,0,0,Restore 2 (Conditional),,
SOR,77,Takedown,,FALSE,Event,Vigilance,4,Tactic,Defeat a unit with 5 or less remaining HP.,,,,,2,Eslam Aboshady,9/27/2023,FFG Stream,https://www.youtube.com/watch?v=OZGbAKs21W8,,,,,,,,
SOR,11,Grand Inquisitor,Hunting the Jedi,TRUE,Leader,"Aggression,Villainy",6,"Force,Imperial,Inquisitor",Action [{T}]: Deal 2 damage to a friendly unit with 3 or less power and ready it.,On Attack: You may deal 1 damage to another friendly unit with 3 or less power and ready it.,0,3,6,3,Borja Pindado,9/29/2023,FFG,https://twitter.com/UnlimitedFFG/status/1707772416716419580,,,,,,,,
SOR,124,Tactical Advantage,,FALSE,Event,Command,1,Tactic,Give a unit +2/+2 for this phase.,,,,,1,Eslam Aboshady,10/2/2023,FFG,https://www.instagram.com/p/Cx5pMaJNKAb/,,,,,,,,
SOR,149,Mace Windu,Party Crasher,TRUE,Unit,"Aggression,Heroism",7,"Force,Jedi,Republic","Ambush

When this unit attacks and defeats a unit: Ready him.",,0,5,7,4,Sandra Chlewi?ska,10/5/2023,IGN,https://www.ign.com/articles/exclusive-star-wars-unlimited-release-date,110,0,0,0,0,Ambush,,
SOR,17,Han Solo,Audacious Smuggler,TRUE,Leader,"Cunning,Heroism",6,Underworld,"Action [{T}]: Put a card from your hand into play as a resource and ready it. At the start of the next action phase, defeat a resource you control.","On Attack: Put the top card of your deck into play as a resource and ready it. At the start of the next action phase, defeat a resource you control.",0,4,6,3,David Nash,10/13/2023,FFG,https://twitter.com/UnlimitedFFG/status/1712848845753770367,,,,,,,,
SOR,12,IG-88,Ruthless Bounty Hunter,TRUE,Leader,"Aggression,Villainy",5,"Underworld,Droid,Bounty Hunter","Action {T}: Attack with a unit. If you control more units than the defending player, the attacker gets +1/+0 for this attack.",Each other friendly unit gains Raid 1.,0,5,4,1,Hoan Nguyen,1/5/2024,FFG,https://twitter.com/UnlimitedFFG/status/1743301422102229280,,,,,,,,
SOR,137,Fallen Lightsaber,,FALSE,Upgrade,"Aggression,Villainy",3,"Item,Weapon,Lightsaber","Attach to a non-Vehicle unit.

If attached unit is a Force unit, it gains: “On Attack: Deal 1 damage to each ground unit the defending player controls.”",,,3,3,3,Milos Slaykovic,10/5/2023,IGN,https://www.ign.com/articles/exclusive-star-wars-unlimited-release-date,,,,,,,,
SOR,193,Millennium Falcon,Piece of Junk,TRUE,Unit,"Cunning,Heroism",3,"Underworld,Vehicle,Transport","This unit enters play ready.

When you ready cards during the regroup phase: Either pay {R1} or return this unit to her owner's hand.",,1,3,4,4,Francois Cannels,10/10/2023,Wargamer.com,https://www.wargamer.com/star-wars-unlimited/millennium-falcon,114,0,0,0,0,Ambush,,
SOR,214,Smuggling Compartment,,FALSE,Upgrade,Cunning,1,Modification,"Attach to a Vehicle unit.

Attached unit gains: ""On Attack: Ready a resource.""",,,1,1,2,Amad Mir,10/10/2023,Wargamer.com,https://www.wargamer.com/star-wars-unlimited/millennium-falcon,,,,,,,,
SOR,25,Tarkintown,,FALSE,Base,Aggression,,Lothal,Epic Action: Deal 3 damage to a damaged non-leader unit.,,,,25,3,Adrien Girod,10/10/2023,FFG,https://twitter.com/UnlimitedFFG/status/1711766123614458305,,,,,,,,
SOR,164,Wampa,,FALSE,Unit,Aggression,4,Creature,Overwhelm,,0,4,5,1,Luke Harrington,10/11/2023,FFG Stream,https://www.youtube.com/watch?v=DzXk-TsR_YI,117,0,0,0,0,Overwhelm,,
SOR,143,Fighters For Freedom,,FALSE,Unit,"Aggression,Heroism",3,"Rebel,Trooper","Saboteur

When you play another {Aggression} card: You may deal 1 damage to a base.",,0,3,4,2,Yvette Chua,10/11/2023,FFG Stream,https://www.youtube.com/watch?v=DzXk-TsR_YI,118,0,0,1,0,Saboteur,,
SOR,162,Disabling Fang Fighter,,FALSE,Unit,Aggression,3,"Mandalorian,Vehicle,Fighter",When Played: You may defeat an upgrade.,,1,3,2,1,Christian Papazoglakis,10/11/2023,FFG Stream,https://www.youtube.com/watch?v=DzXk-TsR_YI,,,,,,,,
SOR,155,Aggression,,FALSE,Event,"Aggression,Aggression",4,Innate,"Choose two, in any order:
- Draw a card.
- Defeat up to 2 upgrades.
- Ready a unit with 3 or less power.
- Deal 4 damage to a unit.",,,,,4,Sandra Chlewi?ska,10/11/2023,FFG Stream,https://www.youtube.com/watch?v=DzXk-TsR_YI,,,,,,,,
SOR,113,Homestead Militia,,FALSE,Unit,Command,3,"Fringe,Trooper","While you control 6 or more resources, this unit gains Sentinel.",,0,3,4,1,Joshua Carson,10/13/2023,holocron.card.hub,https://www.instagram.com/reel/CyVwMuctwNJ/?igshid=MzRlODBiNWFlZA,121,0,0,0,0,Sentinel (Conditional),,
SOR,157,Cantina Braggart,,FALSE,Unit,Aggression,1,Underworld,Raid 2,,0,0,3,1,Ario Murti,10/16/2023,FFG,https://www.instagram.com/p/CydsUk-MYXj/,122,0,0,0,0,Raid 2,,
SOR,197,Lando Calrissian,Responsible Businessman,TRUE,Unit,"Cunning,Heroism",6,"Fringe,Official","Saboteur

When played: Return up to 2 friendly resources to their owners’ hands.",,0,6,5,3,Audrey Hotte,10/18/2023,Unplayable,https://www.youtube.com/watch?v=3nrKM7-HB64,123,0,0,0,1,Saboteur,,
SOR,224,Change of Heart,,FALSE,Event,Cunning,6,Gambit,"Take control of a non-leader unit. At the start of the regroup phase, its owner takes control of it.",,,,,4,Kevin Libranda,10/18/2023,Unplayable,https://www.youtube.com/watch?v=3nrKM7-HB64,,,,,,,,
SOR,38,Count Dooku,Darth Tyranus,TRUE,Unit,"Vigilance,Villainy",7,"Force,Separatist,Sith","Shielded

When Played: You may defeat a unit with 4 or less remaining HP.",,0,5,4,3,Mona Finden,10/20/2023,FFG Stream,,125,0,0,4,0,Shielded,,
SOR,182,Bossk,Deadly Stalker,TRUE,Unit,"Cunning,Villainy",5,"Underworld,Bounty Hunter","Ambush

When you play an event: You may deal 2 damage to a unit.",,0,4,5,2,Stefano Landini,10/21/2023,FFG Stream,,126,0,0,2,0,Ambush,,
SOR,118,97th Legion,Keeping the Peace on Sullust,TRUE,Unit,Command,7,"Imperial,Trooper",This unit gets +1/+1 for each resource you control.,,0,0,0,2,Eslam Aboshady,10/22/2023,FFG Stream,,127,7,7,0,0,,,
SOR,100,Wedge Antilles,Star of the Rebellion,TRUE,Unit,"Command,Heroism",5,Rebel,Each friendly Vehicle unit gets +1/+1 and gains Ambush.,,0,5,5,3,Amélie Hutt,10/22/2023,FFG Stream,,128,1,1,0,0,Ambush,,
SOR,99,Bright Hope,The Last Transport,TRUE,Unit,"Command,Heroism",4,"Rebel,Vehicle,Transport","Sentinel

When Played: You may return a friendly non-leader ground unit to its owner's hand. If you do, draw a card.",,1,2,6,2,Randall Mackey,10/22/2023,FFG Stream,,129,0,0,0,1,Sentinel,,
SOR,171,Mission Briefing,,FALSE,Event,Aggression,3,Plan,Choose a player. They draw 2 cards.,,,,,1,Kyle Petchock,10/23/2023,FFG,https://twitter.com/UnlimitedFFG/status/1716484925224898610,,,,,,,,
SOR,80,General Tagge,Concerned Commander,TRUE,Unit,"Command,Villainy",2,"Imperial,Official",When Played: Give an Experience token to each of up to 3 Trooper units.,,0,2,2,2,Eric Hibbeler,10/24/2023,Max Tapera,https://www.youtube.com/watch?v=rSiEAriAigc,131,1,1,0,0,,,
SOR,81,Seasoned Shoretrooper,,FALSE,Unit,"Command,Villainy",2,"Imperial,Trooper","While you control 6 or more resources, this unit gets +2/+0.",,0,2,3,1,Milos Slaykovic,10/24/2023,Max Tapera,https://www.youtube.com/watch?v=rSiEAriAigc,,,,,,,,
SOR,141,Green Squadron A-Wing,,FALSE,Unit,"Aggression,Heroism",2,"Rebel,Vehicle,Fighter",Raid 2,,1,1,3,1,Francois Cannels,10/25/2023,FFG Stream,https://www.youtube.com/watch?v=6_KuVhvdcX8,133,0,0,0,0,Raid 2,,
SOR,37,Academy Defense Walker,,FALSE,Unit,"Vigilance,Villainy",6,"Imperial,Vehicle,Walker","Sentinel

When Played: Give an Experience token to each friendly damaged unit.",,0,5,5,1,Ario Murti,10/25/2023,FFG Stream,https://www.youtube.com/watch?v=6_KuVhvdcX8,134,1,1,0,0,Sentinel,,
SOR,8,Hera Syndulla,Spectre Two,TRUE,Leader,"Command,Heroism",6,"Rebel,Twi'lek,Spectre",Ignore the aspect penalty on Spectre cards you play.,"Ignore the aspect penalty on Spectre cards you play.

On Attack: You may give an Experience token to another unique unit.",0,4,6,3,Sandra Chlewi?ska,10/27/2023,FFG,https://www.instagram.com/p/Cy6BEEzM009/,135,0,0,0,0,,,
SOR,166,Infiltrator's Skill,,FALSE,Upgrade,Aggression,1,Learned,Attached unit gains Saboteur.,,,1,1,1,Sandra Chlewi?ska,10/30/2023,FFG,https://www.instagram.com/p/CzBvdajsVgp/,,,,,,,,
SOR,90,Devastator,Inescapable,TRUE,Unit,"Command,Villainy",10,"Imperial,Vehicle,Capital Ship","Sentinel

Overwhelm

When Played: You may deal damage to a unit equal to the number of resources you control.",,1,10,10,4,Ignacio Bazan Lazcano,11/2/2023,Brettballett,https://www.youtube.com/watch?v=pd4t3v3V3FI,137,0,0,10,0,Overwhelm,Sentinel,
SOR,161,Ardent Sympathizer,,FALSE,Unit,Aggression,3,Trooper,"While you have the initiative, this unit gets +2/+0.",,0,3,3,1,Luke Harrington,11/2/2023,Brettballett,https://www.youtube.com/watch?v=pd4t3v3V3FI,,,,,,,,
SOR,42,Search Your Feelings,,FALSE,Event,"Vigilance,Villainy",4,Innate,Search your deck for a card and draw it.,,,,,3,David Nash,11/3/2023,Scrawl,https://www.youtube.com/watch?v=-u_TbUj2vac,,,,,,,,
SOR,206,Mining Guild TIE Fighter,,FALSE,Unit,Cunning,1,"Fringe,Vehicle,Fighter","On Attack: You may pay {R2}. If you do, draw a card.",,1,1,2,1,Andre Mealha,11/3/2023,Scrawl,https://www.youtube.com/watch?v=-u_TbUj2vac,,,,,,,,
SOR,190,Lothal Insurgent,,FALSE,Unit,"Cunning,Heroism",2,Rebel,"When Played: If you played another card this phase, each opponent draws a card then discards a random card from their hand.",,0,3,2,1,Kevin Libranda,11/5/2023,Spice Squadron,https://youtube.com/watch?si=FhCP4nGrwmaEFZme&v=dxad6CLcs4Y,,,,,,,,
SOR,28,Jedha City,,FALSE,Base,Cunning,,Jedha,Epic Action: Give a non-leader unit -4/-0 for this phase.,,,,25,3,Rocío Espín,11/6/2023,FFG,https://www.instagram.com/p/CzT34ezMonH/,,,,,,,,
SOR,204,Greedo,Slow on the Draw,TRUE,Unit,Cunning,1,"Underworld,Bounty Hunter","When Defeated: You may discard a card from your deck. If it's not a unit, deal 2 damage to a ground unit.",,0,3,1,2,Aitor Prieto,11/8/2023,FFG Stream,https://www.youtube.com/watch?v=_xZaeJ9oq_4,143,0,0,1,0,,,
SOR,213,Syndicate Lackeys,,FALSE,Unit,Cunning,5,Underworld,Ambush,,0,5,4,1,Aitor Prieto,11/8/2023,FFG Stream,https://www.youtube.com/watch?v=_xZaeJ9oq_4,144,0,0,0,0,Ambush,,
SOR,186,No Good to Me Dead,,FALSE,Event,"Cunning,Villainy",2,Plan,Exhaust a unit. That unit can't ready this round.,,,,,2,Denis Medri,11/8/2023,FFG Stream,https://www.youtube.com/watch?v=_xZaeJ9oq_4,,,,,,,,
SOR,200,Spark of Rebellion,,FALSE,Event,"Cunning,Heroism",2,Spectre,Look at an opponent's hand and discard a card from it.,,,,,3,Kevin Libranda,11/8/2023,FFG Stream,https://www.youtube.com/watch?v=_xZaeJ9oq_4,,,,,,,,
SOR,203,Cunning,,FALSE,Event,"Cunning,Cunning",4,Innate,"Choose two, in any order:
- Return a non-leader unit with 4 or less power to its owner's hand.
- Give a unit +4/+0 for this phase.
- Exhaust up to 2 units.
- An opponent discards a random card from their hand.",,,,,4,Sandra Chlewi?ska,11/8/2023,FFG Stream,https://www.youtube.com/watch?v=_xZaeJ9oq_4,,,,,,,,
SOR,176,ISB Agent,,FALSE,Unit,"Cunning,Villainy",1,Imperial,"When Played: You may reveal an event from your hand. If you do, deal 1 damage to a unit.",,0,1,3,1,Yvette Chua,11/9/2023,Artificery,https://www.youtube.com/watch?v=nA9TUumJ68A,148,0,0,1,0,,,
SOR,180,Seventh Fleet Defender,,FALSE,Unit,"Cunning,Villainy",3,"Imperial,Vehicle,Fighter",Shielded,,1,3,2,1,Francois Cannels,11/9/2023,Artificery,https://www.youtube.com/watch?v=nA9TUumJ68A,149,0,0,0,0,Shielded,,
SOR,16,Grand Admiral Thrawn,Patient and Insightful,TRUE,Leader,"Cunning,Villainy",6,"Imperial,Official","When the action phase starts: Look at the top card of each player's deck.

Action [{R1}, {T}]: Reveal the top card of any player's deck. Exhaust a unit that costs the same as or less than the revealed card.

Epic Action: If you control 6 or more resources, deploy this leader.","When the action phase starts: Look at the top card of each player's deck.

On Attack: Reveal the top card of any player's deck. Exhaust a unit that costs the same as or less than the revealed card.",0,3,9,3,Ivan Dedov,11/10/2023,FFG,https://www.instagram.com/p/CzeLE_eMZz6/,,,,,,,,
SOR,208,Outer Rim Headhunter,,FALSE,Unit,Cunning,2,"Fringe,Vehicle,Fighter","Raid 1

On Attack: If you control a leader unit, you may exhaust a non-leader unit.",,1,1,3,1,Christian Papazoglakis,11/13/2023,FFG,https://www.instagram.com/p/Czl5dMTtRoR/,151,0,0,0,0,Raid 1,,
SOR,62,Regional Governor,,FALSE,Unit,Vigilance,2,"Imperial,Official","When Played: Name a card. While this unit is in play, opponents can't play the named card.",,0,1,4,3,Yvette Chua,11/14/2023,Maindeck,https://www.youtube.com/watch?v=dKpX3vm5Fns,,,,,,,,
SOR,185,Chimaera,Flagship of the Seventh Fleet,TRUE,Unit,"Cunning,Villainy",8,"Imperial,Vehicle,Capital Ship","Shielded

On Attack: Name a card. An opponent reveals their hand and discards a card with that name from it.",,1,8,7,3,Francois Cannels,11/14/2023,Maindeck,https://www.youtube.com/watch?v=dKpX3vm5Fns,153,0,0,0,0,Shielded,,
SOR,147,Black One,Scourge of Starkiller Base,TRUE,Unit,"Aggression,Heroism",6,"Resistance,Vehicle,Fighter","When Played/When Defeated: You may discard your hand. If you do, draw 3 cards.",,1,4,4,4,Amad Mir,11/14/2023,Discord?,,154,0,0,0,2,,,
SOR,131,Fifth Brother,Fear Hunter,TRUE,Unit,"Aggression,Villainy",3,"Force,Imperial,Inquisitor","This unit gains Raid 1 for each damage on him.

On Attack: You may deal 1 damage to this unit and 1 damage to another ground unit.",,0,2,4,2,Eslam Aboshady,11/17/2023,Deantramp,https://www.youtube.com/watch?v=JXNc74urnh4,155,0,0,0,0,Raid 2 (Conditional),,
SOR,111,Patrolling V-Wing,,FALSE,Unit,Command,2,"Vehicle,Fighter",When Played: Draw a card.,,1,1,1,1,Amad Mir,11/17/2023,Deantramp,https://www.youtube.com/watch?v=JXNc74urnh4,156,0,0,0,1,,,
SOR,215,Snapshot Reflexes,,FALSE,Upgrade,Cunning,1,Learned,,,,1,1,1,Amélie Hutt,11/20/2023,FFG,https://www.instagram.com/p/Cz37Br0sXQp/,,,,,,,,
SOR,199,Bamboozle,,FALSE,Event,"Cunning,Heroism",2,Trick,"You may discard a {Cunning} card from your hand instead of paying this event's cost.

Exhaust a unit and return each upgrade on it to its owner's hand.",,,,,2,Ario Murti,11/21/2023,Golden Dice,https://www.youtube.com/watch?v=BIoLN08ZsU4,,,,,,,,
SOR,245,Medal Ceremony,,FALSE,Event,Heroism,0,Rebel,Give an Experience token to each of up to 3 Rebel units that attacked this phase.,,,,,1,Ario Murti,11/21/2023,Golden Dice,https://www.youtube.com/watch?v=BIoLN08ZsU4,,,,,,,,
SOR,18,Jyn Erso,Resisting Oppression,TRUE,Leader,"Cunning,Heroism",6,Rebel,Action [{T}]: Attack with a unit. The defender gets -1/-0 for this attack.,"When a friendly unit is attacking, the defender gets -1/-0.",0,4,7,1,Amélie Hutt,11/24/2023,FFG,https://www.instagram.com/p/C0COM8hs2HS/,160,0,0,0,0,,,
SOR,221,Outmaneuver,,FALSE,Event,Cunning,3,Tactic,Choose an arena. Exhaust each unit in that arena.,,,,,2,Leonardo Giammichele,11/27/2023,FFG,https://www.instagram.com/p/C0J8ljfs7Uh/,,,,,,,,
SOR,64,Wilderness Fighter,,FALSE,Unit,Vigilance,3,Trooper,Shielded,,0,2,4,1,Ash Pierce,11/28/2023,TowerNumberNine,https://www.youtube.com/watch?v=ok7P-rP_E7Q,162,0,0,0,0,Shielded,,
SOR,159,Partisan Insurgent,,FALSE,Unit,Aggression,2,"Rebel,Trooper","While you control another {Aggression} unit, this unit gains Raid 2.",,0,1,4,1,Joshua Carson,11/28/2023,TowerNumberNine,https://www.youtube.com/watch?v=ok7P-rP_E7Q,163,0,0,0,0,Raid 2 (Conditional),,
SOR,95,Battlefield Marine,,FALSE,Unit,"Command,Heroism",2,"Rebel,Trooper",,,0,3,3,1,David Buisan,11/29/2023,FFG Stream,https://www.youtube.com/watch?v=bAs6Tvc4FLI,,,,,,,,
SOR,51,Luke Skywalker,Jedi Knight,TRUE,Unit,"Vigilance,Heroism",7,"Force,Jedi,Rebel","Restore 3

When Played: Give an enemy unit -3/-3 for this phase. If a friendly unit was defeated this phase, give that enemy unit -6/-6 for this phase instead.",,0,6,7,4,Eric Hibbeler,11/29/2023,FFG Stream,https://www.youtube.com/watch?v=bAs6Tvc4FLI,165,0,0,3,0,Restore 3,,
SOR,54,Jedi Lightsaber,,FALSE,Upgrade,"Vigilance,Heroism",3,"Item,Weapon,Lightsaber","Attach to a non-Vehicle unit.

If attached unit is a Force unit, it gains: ""On Attack: Give the defender -2/-2 for this phase.""",,,3,3,3,Arthur Mougne,11/29/2023,FFG Stream,https://www.youtube.com/watch?v=bAs6Tvc4FLI,,,,,,,,
SOR,24,Echo Base,,FALSE,Base,Command,,Hoth,,,,,30,1,Stephen Zavala,11/30/2023,FFG,,,,,,,,,
SOR,202,Cantina Bouncer,,FALSE,Unit,"Cunning,Cunning",5,Fringe,When Played: You may return a non-leader unit to its owner's hand.,,0,3,5,2,James Daly,12/5/2023,FFG,https://www.instagram.com/p/C0ei70jMyzb/,,,,,,,,
SOR,40,Avenger,Hunting Star Destroyer,TRUE,Unit,"Vigilance,Villainy",9,"Imperial,Vehicle,Capital Ship",When Played/On Attack: An opponent chooses a non-leader unit they control. Defeat that unit.,,1,8,8,4,Francois Cannels,12/6/2023,FFG Stream,https://www.youtube.com/watch?v=FbA5ZtoUegE,,,,,,,,
SOR,144,Red Three,Unstoppable,TRUE,Unit,"Aggression,Heroism",3,"Rebel,Vehicle,Fighter","Raid 1

Each other friendly {Heroism} unit gains Raid 1.",,1,2,3,3,Fernando Correa,12/6/2023,FFG Stream,https://www.youtube.com/watch?v=FbA5ZtoUegE,170,0,0,0,0,Raid 1,Raid 2 (Conditional),
SOR,120,Academy Training,,FALSE,Upgrade,Command,2,Learned,,,,2,2,1,David Buisan,12/6/2023,L8 Night Gaming,https://youtube.com/watch?si=2OtnXSNxF2Olskga&v=3LeS8k4YWRE&feature=youtu.be,,,,,,,,
SOR,134,Ruthless Raider,,FALSE,Unit,"Aggression,Villainy",6,"Imperial,Vehicle,Capital Ship",When Played/When Defeated: Deal 2 damage to an enemy base and 2 damage to an enemy unit.,,1,4,6,2,Christian Papazoglakis,12/6/2023,L8 Night Gaming,https://m.youtube.com/watch?si=2OtnXSNxF2Olskga&v=3LeS8k4YWRE&feature=youtu.be,172,0,0,3,0,,,
SOR,32,Scout Bike Pursuer,,FALSE,Unit,"Vigilance,Villainy",2,"Imperial,Trooper",Grit,,0,1,4,1,Mickael Balloul,12/7/2023,El Valle del Jedi,https://www.youtube.com/watch?v=IPHEMRW7h0Q,173,0,0,0,0,Grit,,
SOR,2,Iden Versio,Inferno Squad Commander,TRUE,Leader,"Vigilance,Villainy",6,"Imperial,Trooper","Action [{T}]: If an enemy unit was defeated this phase, heal 1 damage from your base.

Epic Action: If you control 6 or more resources, deploy this leader.","Shielded

When an enemy unit is defeated: Heal 1 damage from your base.",0,4,4,3,Amélie Hutt,12/8/2023,FFG,https://twitter.com/UnlimitedFFG/status/1733154603754029486,,,,,,,,
SOR,140,SpecForce Soldier,,FALSE,Unit,"Aggression,Heroism",1,"Rebel,Trooper",When Played: A unit loses Sentinel for this phase.,,0,2,2,1,Didier Nguyen,12/9/2023,Jenders Gaming,https://www.youtube.com/watch?v=ZeTe_eUeq_4,,,,,,,,
SOR,168,Precision Fire,,FALSE,Event,Aggression,1,Tactic,"Attack with a unit. It gains Saboteur for this attack. If it's a Trooper, it also gets +2/+0 for this attack.",,,,,1,Ash Pierce,12/9/2023,Jenders Gaming,https://www.youtube.com/watch?v=ZeTe_eUeq_4,176,0,0,0,0,,,
SOR,106,Attack Pattern Delta,,FALSE,Event,"Command,Command",3,Tactic,"Give a friendly unit +3/+3 for this phase.

Give another friendly unit +2/+2 for this phase.

Give a third friendly unit +1/+1 for this phase.",,,,,2,French Carlomagno,12/11/2023,FFG,https://twitter.com/UnlimitedFFG/status/1734241747914342509,,,,,,,,
SOR,156,"Benthic ""Two Tubes""",Partisan Lieutenant,TRUE,Unit,Aggression,1,"Rebel,Trooper",On Attack: Another friendly {Aggression} unit gains Raid 2 for this phase.,,0,2,2,2,Omercan Cirit,12/12/2023,Nerds Strike Back,https://www.youtube.com/watch?v=ePJDbqVirTQ,179,0,0,0,0,Raid 2 (Conditional),,
SOR,145,K-2SO,Cassian's Counterpart,TRUE,Unit,"Aggression,Heroism",4,"Rebel,Droid","Overwhelm

When Defeated: For each opponent, choose one: either deal 3 damage to that player's base, or that player discards a card from their hand.",,0,4,4,3,Ross Taylor,12/12/2023,Nerds Strike Back,https://www.youtube.com/watch?v=ePJDbqVirTQ,180,0,0,0,0,Overwhelm,,
SOR,248,Volunteer Soldier,,FALSE,Unit,,3,Trooper,"Raid 1

If you control a Trooper unit, this unit costs {R1} less to play.",,0,2,3,1,Steve Morris,12/13/2023,FFG Stream,https://www.youtube.com/watch?v=mhuftCbqDvE,181,0,0,0,0,Raid 1,,
SOR,52,Redemption,Medical Frigate,TRUE,Unit,"Vigilance,Heroism",8,"Rebel,Vehicle,Capital Ship","Sentinel

When Played: Heal up to 8 total damage from any number of units and/or bases. Deal that much damage to this unit.",,1,6,9,3,Christian Papazoglakis,12/13/2023,FFG Stream,https://www.youtube.com/watch?v=mhuftCbqDvE,182,0,0,0,0,Sentinel,,
SOR,169,Keep Fighting,,FALSE,Event,Aggression,2,Tactic,Ready a unit with 3 or less power.,,,,,1,Eslam Aboshady,12/13/2023,Hunter & Friends - Brettspiele,https://www.youtube.com/shorts/qpgdmGagTe4,,,,,,,,
SOR,201,Bodhi Rook,Imperial Defector,TRUE,Unit,"Cunning,Cunning",3,"Imperial,Rebel",When Played: Look at an opponent's hand and discard a non-unit card from it.,,0,3,3,3,Ario Murti,12/13/2023,FFG Stream,https://www.youtube.com/watch?v=mhuftCbqDvE,184,0,0,0,1,,,
SOR,178,Cartel Spacer,,FALSE,Unit,"Cunning,Villainy",2,"Underworld,Vehicle,Fighter","When Played: If you control another {Cunning} unit, exhaust an enemy unit that costs {R4} or less.",,1,2,3,2,Arthur Mougne,12/13/2023,FFG Stream,https://www.youtube.com/watch?v=mhuftCbqDvE,,,,,,,,
SOR,207,Crafty Smuggler,,FALSE,Unit,Cunning,2,Underworld,Shielded,,0,2,2,1,Amad Mir,12/13/2023,FFG Stream,https://www.youtube.com/watch?v=mhuftCbqDvE,186,0,0,0,0,Shielded,,
SOR,152,For A Cause I Believe In,,FALSE,Event,"Aggression,Heroism",3,Innate,"Reveal the top 4 cards of your deck. For each {Heroism} card revealed this way, deal 1 damage to an enemy base. You may discard any of the revealed cards and put the rest on top of your deck in any order.",,,,,3,Eric Hibbeler,12/13/2023,FFG Stream,https://www.youtube.com/watch?v=mhuftCbqDvE,,,,,,,,
SOR,34,Del Meeko,Providing Overwatch,TRUE,Unit,"Vigilance,Villainy",3,"Imperial,Trooper","Restore 1

Each even an opponent plays costs {R1} more.",,0,3,3,3,Ario Murti,12/14/2023,Hunter & Friends - Brettspiele,https://www.youtube.com/shorts/awCKPmCwtUE,188,0,0,0,0,Restore 1,,
SOR,31,Inferno Four,Unforgetting,TRUE,Unit,"Vigilance,Villainy",2,"Imperial,Vehicle,Fighter",When Played/When Defeated: Look at the top 2 cards of your deck. Put any number of them on the bottom of your deck and the rest on top in any order.,,1,2,3,2,Randall Mackey,12/19/2023,Garbage Rollers,https://garbagerollers.com/2023/12/19/interview-with-lead-designer-danny-schaefer-exclusive-card-reveals/,189,0,0,0,1,,,
SOR,205,Jawa Scavenger,,FALSE,Unit,Cunning,1,"Fringe,Jawa",Saboteur,,0,2,1,1,Christina Laviña,12/19/2023,Garbage Rollers,https://garbagerollers.com/2023/12/19/interview-with-lead-designer-danny-schaefer-exclusive-card-reveals/,190,0,0,0,0,Saboteur,,
SOR,191,Vanguard Ace,,FALSE,Unit,"Cunning,Heroism",2,"New Republic,Vehicle,Fighter","When Played: For each other card you played this phase, give an Experience token to this unit.",,1,1,1,2,Andre Mealha,12/20/2023,Board Game Theory,https://theboardgametheory.de/2023/12/20/bgt119-star-wars-unlimited/,191,1,1,0,0,,,
SOR,13,Cassian Andor,Dedicated to the Rebellion,TRUE,Leader,"Aggression,Heroism",6,Rebel,"Action [{R1}, {T}]: If you've dealt 3 or more damage to an enemy base this phase, draw a card.

Epic Action: If you control 6 or more resources, deploy this leader.","Saboteur

When you deal damage to an enemy base: You may draw a card. Use this ability only once each round.",0,4,6,3,Mickael Balloul,12/22/2023,FFG,https://www.instagram.com/p/C1KUe03MbJt/,,,,,,,,
SOR,101,Rogue Squadron Skirmisher,,FALSE,Unit,"Command,Heroism",6,"Rebel,Vehicle,Speeder","Ambush

When Played: Return a unit that costs 2 or less from your discard pile to your hand.",,0,4,6,2,Ross Taylor,12/22/2023,Jedi News,https://www.jedinews.com/featured/articles/exclusive-reveal-of-two-new-cards-for-star-wars-unlimited/,194,0,0,0,1,Ambush,,
SOR,146,Zeb Orrelios,Headstrong Warrior,TRUE,Unit,"Aggression,Heroism",5,"Rebel,Spectre","When this unit completes an attack: If the defender was defeated, you may deal 4 damage to a ground unit.",,0,5,5,2,Aitor Prieto,12/22/2023,Jedi News,https://www.jedinews.com/featured/articles/exclusive-reveal-of-two-new-cards-for-star-wars-unlimited/,,,,,,,,
SOR,87,Darth Vader,Commanding the First Legion,TRUE,Unit,"Command,Villainy",7,"Force,Imperial,Sith","Ambush

When Played: Search the top 10 cards of your deck for any number of {Villainy} units with combined cost 3 or less and play each of them for free.",,0,5,7,4,Ivan Dedov,12/25/2023,FFG,https://www.instagram.com/p/C1SC47NJxSl/,196,0,0,0,1,Ambush,,
SOR,73,Moment of Peace,,FALSE,Event,Vigilance,1,Innate,Give a Shield token to a unit.,,,,,1,Joshua Carson,12/27/2023,Nerdly,https://www.nerdly.co.uk/2023/12/27/exclusive-sneak-peek-at-3-upcoming-star-wars-unlimited-trading-cards/,,,,,,,,
SOR,98,Echo Base Defender,,FALSE,Unit,"Command,Heroism",3,"Rebel,Trooper",,Sentinel,0,4,3,1,Thomas Wievegg,12/27/2023,Nerdly,https://www.nerdly.co.uk/2023/12/27/exclusive-sneak-peek-at-3-upcoming-star-wars-unlimited-trading-cards/,198,0,0,0,0,Sentinel,,
SOR,133,Seventh Sister,Implacable Inquisitor,TRUE,Unit,"Aggression,Villainy",5,"Force,Imperial,Inquisitor","Saboteur

When this unit deals combat damage to an opponent's base: You may deal 3 damage to a ground unit that opponent controls.",,0,3,6,3,Lenka Šime?ková,12/27/2023,Nerdly,https://www.nerdly.co.uk/2023/12/27/exclusive-sneak-peek-at-3-upcoming-star-wars-unlimited-trading-cards/,199,0,0,3,0,Saboteur,,
SOR,209,Pirated Starfighter,,FALSE,Unit,Cunning,2,"Underworld,Vehicle,Fighter","Raid 1

When Played: Return a friendly non-leader unit to its owner's hand.",,1,2,4,2,Fernando Correa,12/29/2023,TCG Cast,https://www.youtube.com/watch?v=qbsVEcPcZJY,200,0,0,0,0,Raid 1,,
SOR,167,Force Throw,,FALSE,Event,Aggression,1,Force,"Choose a player. That player discards a card from their hand. Then, if you control a Force unit, you may deal damage to a unit equal to the cost of the discarded card.",,,,,2,Elena Skitalets,12/29/2023,TCG Cast,https://www.youtube.com/watch?v=qbsVEcPcZJY,,,,,,,,
SOR,108,Vanguard Infantry,,FALSE,Unit,Command,1,Trooper,When Defeated: You may give an Experience token to a unit.,,0,1,2,1,Amad Mir,1/2/2024,Tabletop Misfits,https://www.youtube.com/watch?v=S5RKnhahLWo,202,1,1,0,0,,,
SOR,150,Heroic Sacrifice,,FALSE,Event,"Aggression,Heroism",1,Tactic,"Draw a card, then attack with a unit. For this attack, it gets +2/+0 and gains: ""When this unit deals combat damage: Defeat it.""",,,,,3,Ario Murti,1/2/2024,Tabletop Misfits,https://www.youtube.com/watch?v=S5RKnhahLWo,,,,,,,,
SOR,122,Traitorous,,FALSE,Upgrade,Command,5,Innate,"When this upgrade becomes attached to a non-leader unit that costs 3 or less: Take control of that unit.

When this upgrade becomes unattached from a unit: That unit's owner takes control of it.",,,0,0,3,Gretel Lusky,1/3/2024,FFG Stream,https://www.youtube.com/watch?v=F0E7swqf6Wk,,,,,,,,
SOR,158,Jedha Agitator,,FALSE,Unit,Aggression,2,Rebel,"Saboteur

On Attack: If you control a leader unit, deal 2 damage to a ground unit or base.",,0,2,1,1,Hoan Nguyen,1/3/2024,FFG Stream,https://www.youtube.com/watch?v=F0E7swqf6Wk,205,0,0,0,0,Saboteur,,
SOR,116,Steadfast Battalion,,FALSE,Unit,Command,5,Trooper,"Overwhelm

On Attack: If you control a leader unit, give a friendly unit +2/+2 for this phase.",,0,5,5,1,Kevin Libranda,1/3/2024,FFG Stream,https://www.youtube.com/watch?v=F0E7swqf6Wk,206,0,0,0,0,Overwhelm,,
SOR,76,Make an Opening,,FALSE,Event,Vigilance,3,Tactic,Give a unit -2/-2 for this phase. Heal 2 damage from your base.,,,,,1,Kevin Libranda,1/3/2024,FFG Stream,https://www.youtube.com/watch?v=F0E7swqf6Wk,,,,,,,,
SOR,183,Bounty Hunter Crew,,FALSE,Unit,"Cunning,Villainy",6,"Underworld,Bounty Hunter","Ambush

When Played: You may return an event card from a discard pile to its owner's hand.",,0,4,4,1,Luke Harrington,1/3/2024,FFG Stream,https://www.youtube.com/watch?v=F0E7swqf6Wk,209,0,0,0,1,Ambush,,
SOR,117,Mercenary Company,,FALSE,Unit,Command,6,"Underworld,Trooper","Ambush

Overwhelm",,0,5,5,1,Elena Skitalets,1/3/2024,FFG Stream,https://www.youtube.com/watch?v=F0E7swqf6Wk,210,0,0,0,0,Ambush,Overwhelm,
SOR,170,Power Failure,,FALSE,Event,Aggression,2,Tactic,Defeat any number of upgrades on a unit.,,,,,2,Marc Escachx,1/3/2024,FFG Stream,https://www.youtube.com/watch?v=F0E7swqf6Wk,,,,,,,,
SOR,96,Mon Mothma,Voice of the Rebellion,TRUE,Unit,"Command,Heroism",2,"Rebel,Official","When Played: Search the top 5 cards of your deck for a Rebel card, reveal it, and draw it.",,0,1,3,2,Eric Hibbeler,1/3/2024,FFG Stream,https://www.youtube.com/watch?v=F0E7swqf6Wk,212,0,0,0,1,,,
SOR,39,AT-AT Suppressor,,FALSE,Unit,"Vigilance,Villainy",8,"Imperial,Vehicle,Walker",When Played: Exhaust all ground units.,,0,8,8,2,Christian Papazoglakis,1/3/2024,FFG Stream,https://www.youtube.com/watch?v=F0E7swqf6Wk,,,,,,,,
SOR,68,Cargo Juggernaut,,FALSE,Unit,Vigilance,6,"Vehicle,Tank","Shielded

When Played: If you control another {Vigilance} unit, heal 4 damage from your base.",,0,4,6,1,Thomas Wievegg,1/3/2024,FFG Stream,https://www.youtube.com/watch?v=F0E7swqf6Wk,214,0,0,0,0,Shielded,Restore 2,
SOR,127,Strike True,,FALSE,Event,Command,3,Tactic,A friendly unit deals damage equal to its power to an enemy unit.,,,,,1,Audrey Hotte,1/3/2024,FFG Stream,https://www.youtube.com/watch?v=F0E7swqf6Wk,,,,,,,,
SOR,70,Devotion,,FALSE,Upgrade,Vigilance,2,Innate,Attached unit gains Restore 2.,,,1,1,2,Liana Anatolevich,1/3/2024,FFG Stream,https://www.youtube.com/watch?v=F0E7swqf6Wk,216,0,0,0,0,,,
SOR,20,Capital City,,FALSE,Base,Vigilance,,Lothal,,,,,30,1,Sebastián Guidobono,1/4/2024,FFG Stream,https://www.youtube.com/watch?v=F0E7swqf6Wk,,,,,,,,
SOR,27,Kestro City,,FALSE,Base,Aggression,,Vardos,,,,,30,1,Stephen Zavala,1/4/2024,FFG Stream,https://www.youtube.com/watch?v=F0E7swqf6Wk,,,,,,,,
SOR,30,Chopper Base,,FALSE,Base,Cunning,,Atollon,,,,,30,1,Tyler Edlin,1/4/2024,FFG Stream,https://www.youtube.com/watch?v=F0E7swqf6Wk,,,,,,,,
SOR,181,Jabba the Hutt,Cunning Daimyo,TRUE,Unit,"Cunning,Villainy",4,"Underworld,Hutt","Each Trick event you play costs {R1} less.

When Played: Search the top 8 cards of your deck for a Trick event, reveal it, and draw it.",,0,2,8,3,David Nash,1/8/2024,FFG Stream,https://www.instagram.com/p/C12F-P7s2w-/,220,0,0,0,1,,,
SOR,57,Protector,,FALSE,Upgrade,"Vigilance,Vigilance",1,Innate,Attached unit gains Sentinel.,,,1,1,2,Alex Accorsi,1/10/2024,FFG,https://twitter.com/UnlimitedFFG/status/1745113384712855999,221,0,0,0,0,,,
SOR,160,Wolffe,Suspicious Veteran,TRUE,Unit,Aggression,2,"Fringe,Clone","Saboteur

When Played/On Attack: Bases can't be healed for this phase.",,0,3,2,3,Elena Skitalets,1/11/2024,The Nerd Shelves,https://www.youtube.com/watch?v=_C5P1-HBhKw,222,0,0,0,0,Saboteur,,
SOR,110,Frontline Shuttle,,FALSE,Unit,Command,2,"Vehicle,Transport","Action [defeat this unit]: Attack with a unit, even if it's exhausted. It can't attack bases for this attack.",,1,1,3,3,French Carlomagno,1/11/2024,The Nerd Shelves,https://www.youtube.com/watch?v=_C5P1-HBhKw,223,0,0,0,0,,,
SOR,188,Chopper,Metal Menace,TRUE,Unit,"Cunning,Heroism",1,"Rebel,Droid,Spectre","While you control another Spectre unit, this unit gains Raid 1.

On Attack: Discard a card from the defending player's deck. If it's an event, exhaust a resource that player controls.",,0,1,3,3,Arthur Mougne,1/13/2024,Wampa Radio,https://www.youtube.com/watch?v=pEplQWszQzY,224,0,0,0,0,Raid 1,,
SOR,41,Power of the Dark Side,,FALSE,Event,"Vigilance,Villainy",3,Innate,An opponent chooses a unit they control. Defeat that unit.,,,,,2,Eslam Aboshady,1/13/2024,Wampa Radio,https://www.youtube.com/watch?v=pEplQWszQzY,225,0,0,0,0,,,
SOR,154,Rallying Cry,,FALSE,Event,"Aggression,Aggression",3,Tactic,Each friendly unit gains Raid 2 this phase.,,,,,2,Eslam Aboshady,1/15/2024,FFG,https://www.instagram.com/p/C2IHhxZND8y/,226,0,0,0,0,,,
SOR,165,Occupier Siege Tank,,FALSE,Unit,Aggression,5,"Imperial,Vehicle,Tank",Grit,,0,5,4,1,Christian Papazoglakis,1/16/2024,FFG,https://starwarsunlimited.com/cards?cid=8098293047,227,0,0,0,0,Grit,,
SOR,151,Karabast,,FALSE,Event,"Aggression,Heroism",2,Spectre,A friendly unit deals damage to an enemy unit equal to the amount of damage on the friendly unit plus 1.,,,,,2,French Carlomagno,1/17/2024,FFG,https://starwarsunlimited.com/cards?cid=6515891401,228,0,0,0,0,,,